,,,https://www.ebay.com/itm/01920391?epid=26039819083&_trkparms=ispr%3D1&hash=item3b542eae7a:g:FQkAAOSwK21gKvEZ&amdata=enc%3AAQAFAAACcBaobrjLl8XobRIiIML1V4Imu%252Fn%252BzU5L90Z278x5ickkrDx%252B2NLp21dg6hHbHAkGMYdiW1E6zjXxnQ0bf7c%252Fx%252Fvs5PW%252FYFw1ZdbGMi8wsGV6qXw8OFLl4Os1ACX3bnQxFkVpRib9hMb5gVyLha4q9L0xiporu5InbX0LrSgg7nCCCwtC7y3vOE3hc8PszsrXWLb5KFdj7%252BD98et12MdkEfMPFhJZuS%252BkFsp2esVTRCYctOhcwzPSdfzCOYprlr2miQc4czCv1Tcfs3LKUPJn8uQyRc%252BAnKY1oyTeYnJ7wYuGkBU%252FSVYjziLBaPhT%252FlVu0hR9ZX6OnAeRaJ1g0iCaDjrRXEXRwUO87riWeI8kExm1zzY7QicPeMnfWZdBvVhg05GOScPOlLTVPHakqGLX0y2GUXV6fkTLua3nSF5YBmLX%252FqdCxT6yS0dutVs5MPWvQYlN474hUzbubkZVAs7Y%252BBBEsHrGjVzCj0szZ6w1%252BHgkV5O9jrXGnyew5%252Bnxy7VCq5xEkUDIt1nSg996AeDksNmSNumhfsIOGltIXbqAbjqEUpPcVO%252BDPymxlh0iMxCZQalYnmljBRzKILYWkES0vfA14Gh5E7KWrztdC6WzEEFtgVuABakQ1eAOZnuEueqK6IakC%252BIfRbXv96Tv01IPDvwPeM8wMo6j8bMjY3D5KHS5EXPVdHKUnjCJiYCcVUqcKwhL6eN2MZ%252Bn9yxmWESUPN394NPrX%252FI2z7t0Bbo7iqmsWNQcyi0EHzDwJPMK%252FNSif8%252F2adRF7dT1JrbL9sryKSN2kv9OsdGQ0fMMC1LV3Ph43HivUJdqkgjGxqEqX5v1xQ%253D%253D%7Campid%3APL_CLK%7Cclp%3A2334524
ASUS GeForce RTX 3060 TUF Gaming OC Edition 12GB Graphics Card,US $749.99,,https://www.ebay.com/itm/324724203053?hash=item4b9b121e2d:g:nu4AAOSwaItg-dCV
MSI GeForce RTX 3060 VENTUS 2X OC 12GB GDDR6 Graphics Card,US $799.99,5.0,https://www.ebay.com/itm/265240332987?epid=5044602417&_trkparms=ispr%3D1&hash=item3dc18e4abb:g:nXIAAOSwa4Jg-xN~&amdata=enc%3AAQAGAAACgPYe5NmHp%252B2JMhMi7yxGiTJkPrKr5t53CooMSQt2orsStdebXPz4ZTXCT8FI9kPBhzsRPyyY5QYLXoUXB6qtTwovV%252B9o0vbw2t8hraGS2byAxlY2ZOsFN6DanR%252BYrxIaVZ3JR%252FahrSMLDPLCAJ47lL0izt%252F02bblsjWxRxBDlYjoAmDQoth46CL0YqDmbRoODyD9oMcM%252FbPIt%252FTYZHfT3GKJM%252BM3O%252BbnZ4uQsDv5mn8EgLwmxHXdeON3GjblHcih36sspLxaVhPzNsE%252FpHIJGufN2TT1UdOPVgV8oV6f5wwx1PiNWeiMDvXGRfv%252FSf4stchddraRkGihNfjeSOcACpiQ3VD1tmSPFB66TswDgHRdPR%252BLMs232xqJjdoV7Ig8a5dj%252B7cYAaDevEc5pgHE8WS27fcETdrM01Nd7BbtDeInv3burfFYz4yTyiNfGZYx5wxAKugVu6bR8c8ByMXK5t0rrIrFO3dveBBIMzn1kWrKlhrSJS6eOlb8m9oJZyPBPS57LntpIu6wdt4OHJ6c4%252BCFtDlY17FcTH%252BjwCJx7AopGrYyEy%252BvddCTFpl%252BadVk6hiioQjCEzbv4R5YLTnn7P7fsEnI1tM7g4N%252BuS2uFjMJdbl3wFDlj8gMqFLThqKl6fUz5ihOYkOPk2sUgD21Uh1MoEcM7lkjfradc1Wr5hTWgZdLC5Xkqi2%252BGIogEUD7Kh2zF3xtpHobny1WqfhICKrOGMTBGxSFrr0tcX16pyJAlGOdkyOfLoI8WSMEYy3%252Bm1amERh3PDclHs%252BQSQxA%252F74JwhPt9GGLQP1GMnnhk2DDwoCjMtt0N0wZOH2RAMuDF3oMLR2lqZefkFS%252FMx1t5NE%253D%7Campid%3APL_CLK%7Cclp%3A2334524
ASUS Dual GeForce RTX 3060 OC Edition 12GB GDDR6 ‚ö° Same Day Fast Shipping! üööüí®,US $675.00,5.0,https://www.ebay.com/itm/324725555268?epid=15044618955&_trkparms=ispr%3D1&hash=item4b9b26c044:g:uasAAOSw48xg-woH&amdata=enc%3AAQAGAAACgPYe5NmHp%252B2JMhMi7yxGiTJkPrKr5t53CooMSQt2orsSvhAqMt0wg86xg8aAkgjQJBL5yg%252FR4%252BQFozz9oFfyXwkpgP5%252FtL1lx1AZMRqu%252F%252FAFCnPyLOYpp5uKzoB4xZHIcb3TF33hINifez0lnWhC8msuWH63g3Hb8n1Zvr0ueR6CBC3h7wVyc3oziTENYqXm5K3yN2GtzCLBrFUIsiIbCVd1Jms%252FEOHTK2QfYMGSC23ydDa5durbOwczpwd6a%252Bf9AKrkh%252BqBoTk07Nxif%252Bnz9umdkTiXsHXSI0Dkl5dzzH2IezcZ%252F9Zq1N5EOuQ5WvReJ3UrfDmi7h2Pngd3cd%252Bj6M760e4NT%252Bk7fvUf2L7rmpAR6TIXhPVFf9512KosXN%252F%252BQ0WILrhp4CxfndCP5Dq7GRW0TrgXetCSyN796RyQund5kY0RQdk2US%252B5JotLZnDQwEQCm7Odk2UxWM%252BJ1E201WPwN%252FKnMnGbbiqLOdAgwQirjCOhVXO3%252F3ada%252FqYyxmzNODgg0CTRR7%252BemUS7KuF0uU7Pt0009g6UAn8FR3JB8emJi%252B8f4V2rD9gg2TmuSmKUXxEleRM9bdBKXz6eYTJ8pgxyBlcw5QRllXJm9WrJHafFUXum8VApKk7DEY3t158gC2RjVl8RXoJW4KPKXJtvsh%252FHMCLRvOvcKN%252Fv7B1GKpmTPyiy337nKg3zU3%252Fi3e89n8YqpzPWwI6wMAGrsGT8TvZUqV6uOLYt5OyyPbzJAZjwRPixFuJ4kAb8Dvh01jfiz%252BAHCxhKSmthbSEEEfoHVkdB0LDzuOf6I7lhIt0FtuTfgU7FKoxk7h6Ikc%252FKuNEi5WTvMUP7SYaSbLT70ZCJaQ%253D%7Campid%3APL_CLK%7Cclp%3A2334524
MSI VENTUS  2X GEFORCE RTX 3060Ti - OC ED. - 8GB GDDR6 MEMORY - EXC. COND.,US $850.00,4.2,https://www.ebay.com/itm/203534707955?epid=25042956085&hash=item2f639d2cf3:g:GysAAOSwfm1g-4ZK
üî•ASUS TUF GeForce RTX 3060 OC 12GBüî• GDDR6 Graphics Card-NEW- FREE SHIPPING üî•,"US $1,050.00",5.0,https://www.ebay.com/itm/353588322806?epid=15044618955&hash=item525381a1f6:g:6~0AAOSwdNRg-4Vh
ZOTAC GeForce LHR RTX 3060 Ti Twin Edge OC Gaming 8GB GDDR6 Graphics Card LHR,US $899.00,3.3,https://www.ebay.com/itm/194253831208?epid=14043327519&hash=item2d3a6e3c28:g:nY4AAOSwhbFg-0hY
EVGA GeForce RTX 3060 XC GAMING 12GB GDDR6 Graphics Card (12G-P5-3657-KR),US $700.00,4.6,https://www.ebay.com/itm/154542317470?epid=2315640392&hash=item23fb709f9e:g:1NgAAOSwVxpg-Mfv
MSI GeForce RTX 3060 VENTUS 2X OC 12GB GDDR6 Graphics Card NEW üöÄSHIPS FAST,US $748.00,,https://www.ebay.com/itm/255064296633?hash=item3b63044cb9:g:daUAAOSwC8hg-5Tz
üî•NVIDIA GEFORCE RTX 3060 TI FOUNDERS EDITION 8GB GDDR6 GRAPHICS CARDüî•-SEALE,,,https://www.ebay.com/itm/234101855888?hash=item36818ed690:g:2jgAAOSwtwNg90iP
ASUS GeForce RTX 3060 TUF Gaming OC Edition 12GB Graphics Card,US $750.00,,https://www.ebay.com/itm/224545536126?hash=item3447f4f87e:g:~H0AAOSwEUpg-5un
ZOTAC GAMING GeForce RTX 3060 AMP White Edition RARE,,4.0,https://www.ebay.com/itm/334087853666?epid=11043928736&hash=item4dc9301662:g:f0UAAOSweHRg-fuo
‚úÖBRAND NEW SEALED* EVGA GEFORCE RTX 3060 XC GAMING 12G-P5-3657-KR‚úÖ,US $698.00,,https://www.ebay.com/itm/324726016630?hash=item4b9b2dca76:g:mcUAAOSwe99gij4B
EVGA GeForce RTX 3060 XC GAMING 12GB GDDR6 Graphics Card (12G-P5-3657-KR),US $800.00,4.6,https://www.ebay.com/itm/353586224239?epid=2315640392&hash=item5253619c6f:g:6UYAAOSwuZxg-eW5
NVIDIA ASUS Dual GeForce RTX 3060 12GB OC EDITION Graphics Card BRAND NEW,US $799.95,,https://www.ebay.com/itm/154541735187?_trkparms=ispr%3D1&hash=item23fb67bd13:g:Z48AAOSwuGNg-tvB&amdata=enc%3AAQAGAAACgPYe5NmHp%252B2JMhMi7yxGiTJkPrKr5t53CooMSQt2orsStEKTPzZMfQmny3knR97t0PVmEYn9yvExxexOjfG1CdUjEnCsCQ4iP4IVQgJowJYfNoUANeub08aPN3q9bcT1aPN0l5lvy202AaX9vyiGZGcPW5V%252FIuEY8KEmYZ0Pvf5RF58d1%252FXU%252Fk3s7VTdWr2cXPznSgOSU3Ewyd8WfVa27NNHqFi13oudWP36TS8XrAdRelo%252FTdadtIRlsi2EoWc41r5hvzUTuh%252FT3zn1ESsi2A8L7PUvjY66bdOrLw2jPHmSQYQVQTHVciV8Lk%252BYnih7qxw8wHTxaeYrGWyoyA9HHWp9ucadAPwc3NnruU9luhZgnl0%252BXoRPcPGcDDU2X%252B5uXFPdCtWK2YdlRiHgWWBXNT%252B5b9zMdj9dO%252Bmttd7%252F0nTYJ39EPuSVT9gJhM5s6Y%252F%252F9a%252Fc57RxvJT8AvaJKi7UM7wFuI4s%252Fa%252Fya7ZSsDJElTCK65JJkZlD1Zecc7dXHMzTfFcuBIwB%252BjOJK121Hudh4pr0R7JwDEP1qGgZdUckTDvq%252FnNecHZGJcVtcrcRbMDFAAlxi%252Bw16fiBMS3LkqsY2ZzzISs5DFLJQy3rqA%252FVZrsTQ1NpOO2FkYnWwnEnUjduxiHKOCrDeiUBznyC5qTXVNrJwCur%252FyK1YDLus4joC1edc5fAqzzR4g%252Fof%252FRe4qEte36MpvCSjRFCd7bpEvhEJmmMFrxF51C69Hh1uFkXaKHOYWAE48kW2ywzTcWrx2uEGXK%252FHfjBu0VuA3NCsBN51Gl81BD0uEomTy1BdsqC%252BuuHaj%252B0Bn7GXIEEgqtZgfJ7%252FU1dYeT4hMYkmWRvzJ03yUA%253D%7Campid%3APL_CLK%7Cclp%3A2334524
ZOTAC Gaming GeForce RTX 3060 Twin Edge OC NON-LHR - NEW üöö FREE FEDEX 2DAY üöö,US $749.00,4.4,https://www.ebay.com/itm/124821473046?epid=7044628097&_trkparms=ispr%3D1&hash=item1d0ff08716:g:v4AAAOSwUaRg-blo&amdata=enc%3AAQAGAAACgPYe5NmHp%252B2JMhMi7yxGiTJkPrKr5t53CooMSQt2orsSxXDXcCydCuSj2Tq2S%252F3GnlGe5QUGJ2tMNE1%252B4oKsgFlASkXIm%252FIIsRDLuk7Br7gE3NJW%252B7ABAOVuvIiAZhbBGImb%252BWeBHClkSdChHGbcAmq%252BZlP4fm0TCNN9kW7bJQPblWi5OH%252FwSptKLx%252Bd7rnLUuXohuunJlaMhuex%252FTz0riimR7oS1djMfQbLcl5aRmTPnZND1nuqrKqZCV5P7tcSE23yLfm%252Br0ZC5iZIb4b65nWWK0RDq6QscyzaXJ4GGa9woUvM8%252FQQVXl20%252F%252FM026gO8aXBF5s%252FUC8m121g7rniND8cisfs3b2i443W6lyRwVFY%252FEa7b6oWYwqCMByXWM3dFhJbqGrS9EAmGN78UBWl3KtE%252BTu86aS829WAH6F2rMixRH%252F43SuVAxly1j67Kbxsw5OQ1M%252B9F9jA%252B%252Fo%252BMfvZvpm5mY%252FVZBK52yv9UbQ0T9rpuGX06HG9nTejZUw75%252FRzzXCX9DlF7%252FZm7vNGILVr08vaWY1Weog4XDPIjaKZ%252B4uYp37l2W0Un0yZI%252B%252FEibCtXj3SHr%252BqSAJ42SM07aG6k%252FSGYrHLbwxxlfRPlleeaSO0PthYbCV7RaMQzQDtD3CKKXzo%252FcRYOqu9UyEML4dk6PAmGUQz%252FbxdoUgsnnsM%252BrzbmPIrapdTr%252B%252F%252FLRntqKI2oFszoCLuyJiDu68jRL4wthMfHQyJAFFok%252BDg2j1cjfReSJUvGR2bvLHYsmeEpRqftuc1FxmXZAXQdPvlV3UR1A%252FGr%252FLcAiDZdtzZ0GOdE3GjKYmRBo4ztOPo5AdCp3D%252BVaX%252Ba2ulIjTXvEntp7Mo8I%253D%7Campid%3APL_CLK%7Cclp%3A2334524
NEW & SEALED - EVGA GeForce RTX 3060 XC 12gb GDDR6 Graphics Card Ships OVERNIGHT,US $949.99,4.6,https://www.ebay.com/itm/363478666910?epid=2315640392&_trkparms=ispr%3D1&hash=item54a1044e9e:g:D~MAAOSw4TJg-sQd&amdata=enc%3AAQAGAAACgPYe5NmHp%252B2JMhMi7yxGiTJkPrKr5t53CooMSQt2orsS5%252FLJbfonbQUYd49AU1AJYzCarqEhIqyaRzrtCaNELYlvpdiTCWnNyubJEg7F3bNcHJjkBSdgRWFwzamAixGdA11ZVnNptYx8hR6MamUqLDplCgcGXzTpGi8aEqTiKE93lMK2FkvQcrcIc%252FtYwJ2kV8OYUVim%252B1jFNHvzrZ3BEMUedqrJq8zSC5e1rgtgkPgbVgSxeQDa%252BiKcR3rQfOUd8Q%252BEQk5AKKC81DqOxnNTfd5d16LWynPt637JDxfJBW12fsslCUBbpzLUIy9T2rEou0iIu6JlO4QxqfZiP9xXfiU7Ie3O%252BQAz0H1p5Pmnik%252BoVkBPKw7Jq5lY5yuh7G5yKD%252BqHdi4QLn5Ycd%252FonCYf%252FT0D0dfI0%252FyhqvCoPyyvusngdgJKjen2c9wgM%252FGxH0Y36bnatoPtoQ7DkHdtyWGPibmo%252BeBPm%252F2Z8fvMN8PeZ%252FV7C4BG3zQSkuS7wajhSq%252BtGr%252BYDVPKHv5j%252BV1f9jR6yHA1BM7Uo67Br%252F7sDiJ8I0WDOfQqXERgDpCahDS9Di5KMtSlYYfm5IlOnLxT5Wf2tOV0DjvQbzUve02wrFAdXreFhwz0xr%252FqbR3MN8tIAUJf4U3Slj4xqF0cYorrWKqCeuHpdiUgX%252FRVAZqlI%252Bmy7St3ZsQXjQYZy5BoD82fHQX6rMD7wG4MfOHQodtLrQ3UCCPhzPktx8pWjkXFylqkkLV5kjcXI8UeQT9SkBqgtzp8KCaFErKUX%252Fj5VSVJhs8YSpb1TZTwb8j13tNYU0SeCNZz5aqYrpdxXn4vMCG77Vrp%252BR0JUL8ya7JqN3x1oNsqdg%253D%7Campid%3APL_CLK%7Cclp%3A2334524
MSI GeForce RTX 3060 VENTUS 3X OC 12GB üî• Ships SAME DAY AND PROTECTED üì¶,US $800.00,,https://www.ebay.com/itm/393461777543?epid=18045664186&hash=item5b9c264487:g:nhMAAOSw0KFg-3W1
EVGA GeForce RTX 3060ti XC GAMING 12GB GDDR6 Graphics Card (12G-P5-3657-KR),US $934.00,4.6,https://www.ebay.com/itm/144124301994?epid=2315640392&hash=item218e7a52aa:g:XiAAAOSwCd1g-w36
NVIDIA GIGABYTE GeForce RTX 3060 EAGLE OC 12G Graphics Card,US $799.95,,https://www.ebay.com/itm/154541704595?_trkparms=ispr%3D1&hash=item23fb674593:g:pqEAAOSwcCpg-tR9&amdata=enc%3AAQAGAAACgPYe5NmHp%252B2JMhMi7yxGiTJkPrKr5t53CooMSQt2orsStEKTPzZMfQmny3knR97t0IC4vM3MBosWUBHuIGJ8dhPSK0je5H8jMn2j%252BUR5VLXtmwhQ4yLmdUER%252FAwR8Ub7%252FW7QzW5y%252Ba94%252BOljcC9HwHOtrPfzyVZEdzP%252FTs86oioEzp6mjMo6C68Q9LWLybURndLZJTcdyDsqMwVnoIsLKwmkdU52NPdBHA74SFhN9oFxqQ%252FCW63yoaZq2n1kuuAeT3xCOyAQXSkyfz%252BfPjAIqZiEo3zHHgaIUNQTjey7j32jTvrjkJAvIOiJrBSD0aTZoadAW47ScGVGlXvGhsUdg7K0Qw7WH53C0a%252Bxqh7WSp7QFO05w3FBkXk96omSgzrKvJOrPS5AzU51j9aCc%252Bt7egznzEVue%252FTJuGL6T0ZOAgM8ah873yLvigHiHXnMSDHzCm3k472kyS%252Bzaj9emee1puYkuw7ngyeTpLX1NxoCV72D5EvMZLzJaM5LTqtBjufWuprIYQnNdQOnNuNV%252F16aatZJWbj1gSUNQuZGbza7d5GDgwL9vVxgnUAoI%252FpV2gLir%252FOI2FS2bXnBpfm1JXpKZqc2zioQnmKr7kCrMhJGnDMGUIkbO8PPrixeMt03Rr64tLHJDIEmjY2bdPJIBAZ2ouvusu8CPpoWHAmunOJNeWROYBm7BW3PtoH%252F5IghmiimJEoy2%252BjCDCuDzR34okk4hiAR9fgtlcSM3IXNgLJw1JkeaFgdFty8N8UBUuQF6VZagt9E3tlu%252FyCxs1vyBtEfmtVMf%252BfNn1rdIDuvYMEMMCvBsfQQcHl0JJxMV7y4OTBzBdVTnIvylpdHI%252BEjN%252FNQEoc%253D%7Campid%3APL_CLK%7Cclp%3A2334524
Sealed New ASUS TUF NVIDIA RTX 3060 OC 12GB Ships ASAP,US $700.00,,https://www.ebay.com/itm/393461376992?hash=item5b9c2027e0:g:1h8AAOSwieJg-xiw
ZOTAC GAMING GeForce RTX 3060 Twin Edge 12GB GDDR6 Graphics Card,US $700.00,4.0,https://www.ebay.com/itm/133827631025?epid=13043939260&_trkparms=ispr%3D1&hash=item1f28bf97b1:g:rwIAAOSwUO1g-yWo&amdata=enc%3AAQAGAAACgPYe5NmHp%252B2JMhMi7yxGiTJkPrKr5t53CooMSQt2orsSHYXPhGXR5uguexJBeHwfgSQze0%252Bl%252FrTR59ldDyjJM%252Fq37kThYOoo7noHFuYZ%252BD5HDD%252FJ3lekPZbsIWgBLh%252BYtfNRpLsSiIKyG3pM%252BiCriWDUTX%252Fry4r5groiUBoVZvJnJcQM1WJusGoojxTyN3slBWCN%252BCOjf%252F0GP4k9RHn2nV9EOoONH0GIAghgo96HIQl70E4aLJ8ffmKyujQ1RVUpAD9qtdmX1%252BeWmVGpbKynqWJTkX7Dw%252FM2cW2uZhtfOi4z11RK1cMQdr1GuVwZZtD7iM6AJyD95zJQFQCl3pum2vFisJzxn8tTcByMbrvYnWyA9z9U39TeR9WhVtPCnR%252B1rgUfDepSQ95fh6eWyTuiE4w14wVyzdRTQK94mqkk3Z7P9MCrLrwNbiG73LOiDcUb5XnHh7%252B98SqNps%252BP4uPvw5JNTrSVcLiBbR3bmjuuMsFifisF4moTRSjDAGB5kh6BOSaOYmkh5GSVWLc4TilMKPFL3RMx3DfFR0DeXzyU8DMVJdS5fCSNoFlOFTIeUgNz5orx8p9AsfNZsw%252BvgN6U1C2yf6%252BTpoeckq474VYIoR3JPTmLo91unpc%252BbYi6OpX%252FiwHqyNkMaJu1B78gYiHpvhliIqc2%252BPs9doT%252FsTpIH9i0woogQBjyjdrbMw01qu6xvCmwZFPp2Bm11sSL0IXN0XqQ6gJI082%252BjSqsfTfTVOExAi1%252B8RM%252FvHcUCW3CQyVzR9sLPH46vEifImIfuE2MSZuA9prLcQTEMH7CyT8QgaHMKv79biAyFmuBAlnSqyR9UUA4recPuNSewbAaULzZUto%253D%7Campid%3APL_CLK%7Cclp%3A2334524
NEW! EVGA GeForce RTX 3060 XC GAMING 12GB GDDR6 Graphics Card (12G-P5-3657-KR),,4.6,https://www.ebay.com/itm/164976423670?epid=2315640392&hash=item26695c72f6:g:dwkAAOSwSXNg-xgD
ASUS ROG Strix GeForce RTX 3060 OC Gaming 12GB - Brand New Sealed SHIPS TODAY!,US $759.00,5.0,https://www.ebay.com/itm/265240640881?epid=15044618955&hash=item3dc192fd71:g:tCEAAOSwqyZg-4vz
GIGABYTE GeForce RTX 3060 Vision OC 12GB Graphics Card,,,https://www.ebay.com/itm/255064235732?epid=24048087890&hash=item3b63035ed4:g:mAwAAOSwTHJg-37P
ZOTAC Gaming GeForce RTX 3060 Ti Twin Edge OC LHR 8G Graphics Card New P,US $739.99,,https://www.ebay.com/itm/184957875437?hash=item2b105934ed:g:BaQAAOSwvBlg-Opb
EVGA GeForce RTX 3060 Ti XC GAMING 8GB GDDR6 Graphics Card 08G-P5-3663-KL LHR,US $899.00,,https://www.ebay.com/itm/133827361145?epid=7048188903&hash=item1f28bb7979:g:6SYAAOSw9EBg9dSH
*SEALED* EVGA GeForce RTX 3060 XC GAMING 12GB GDDR6 (12G-P5-3657-KR),,4.6,https://www.ebay.com/itm/234099634969?epid=2315640392&hash=item36816cf319:g:-NcAAOSw8DVg9u3k
üî• Zotac RTX 3060 Twin Edge OC Graphics CARD In Hand üí® Ready to Ship!,,4.4,https://www.ebay.com/itm/224545209343?epid=7044628097&hash=item3447effbff:g:9zwAAOSw-fVg-xyd
ASUS ROG Strix GeForce RTX 3060 OC Gaming 12GB GPU --Brand New -- SHIPS FAST,US $759.00,5.0,https://www.ebay.com/itm/255061560625?epid=15044618955&hash=item3b62da8d31:g:pbYAAOSwxC5g-EoR
EVGA GeForce RTX 3060 Ti XC GAMING 8GB GDDR6 Graphics Card,,4.3,https://www.ebay.com/itm/334082347701?epid=12043320411&hash=item4dc8dc12b5:g:7xIAAOSwyspg9YJp
ASUS ROG Strix GeForce RTX 3060 OC Gaming 12GB GPU --Brand New -- SHIPS FAST,US $798.00,5.0,https://www.ebay.com/itm/164976778894?epid=15044618955&hash=item266961de8e:g:Vd0AAOSwFfZg-39v
ASUS ROG Strix GeForce RTX 3060 OC Gaming 12GB GPU --Brand New -- SHIPS FAST,US $925.00,5.0,https://www.ebay.com/itm/224545104485?epid=15044618955&hash=item3447ee6265:g:BRoAAOSwMcVg-wY2
`NVIDIA MSI GeForce RTX 3060 GDRR6 12G VENTUS 2X OC Graphics Card **SEALED**üî•üî•,US $769.99,,https://www.ebay.com/itm/133827508416?hash=item1f28bdb8c0:g:aF8AAOSwK2lg-wOG
"ASUS ROG STRIX RTX 3060 Ti OC 8GB GDDR6 Graphics Card, brand new, sealed",,5.0,https://www.ebay.com/itm/164976402566?epid=26043339295&hash=item26695c2086:g:1RsAAOSwB5pg-yuk
asus rog strix nvidia geforce rtx 3060 oc,US $780.00,,https://www.ebay.com/itm/403014943066?hash=item5dd590015a:g:IMMAAOSwsE1g-yBd
GIGABYTE NVIDIA GeForce RTX 3060 GAMING OC 12GB GDDR6 Graphics Card BRAND NEW,US $799.95,,https://www.ebay.com/itm/154541694185?hash=item23fb671ce9:g:kn8AAOSwDNpg-tNC
NVIDIA GeForce RTX 3060 Ti Founders Edition 8GB GDDR6 Graphics Card,"US $1,199.00",3.9,https://www.ebay.com/itm/334087364703?epid=17043327583&hash=item4dc928a05f:g:VGcAAOSwUO1g-vRE
Aorus GeForce RTX 3060 Elite (New) quick ship,,,https://www.ebay.com/itm/294279676101?hash=item44846f80c5:g:TlAAAOSwMHpg8ouF
MSI GeForce RTX 3060 GAMING X Trio 12GB GPU Video Graphics Card  | SHIP SAME DAY,US $824.99/ea,,https://www.ebay.com/itm/154542431253?_trkparms=ispr%3D1&hash=item23fb725c15:g:dnUAAOSwb3Rg-5k9&amdata=enc%3AAQAGAAACgPYe5NmHp%252B2JMhMi7yxGiTJkPrKr5t53CooMSQt2orsStEKTPzZMfQmny3knR97t0IIuWGfyJEJcyMrLQS9BXj3P8M4RatxlVb3%252FJtCd5VMY%252B%252Bm5djnhQOgRpoCkMEcW0cJNz8u68XN62JWeJvz4rWCezkXNWMlLc5gopcTf9sCJ%252FUzv81gTWZYlWj4HGCe4Ro2AP8WaUhCeqmKnXvzXi08jSyr%252FscGHLITgf3HY9DYPCGHGE%252FAbKp8zB1CAl0GEaC9y6Cs3P3k0ZMpvNmsi4dLQmPRUcLlFoMzdT2PyBSDOziPJCEbqk9vRowvalXy6xrOX0BGq8QglUF3BoNfJi4PgYWceJPlh54Ek8ElDLS6HGRW2NbIfyS5MR9GvlFYw%252Btx%252FYirDVv9B2ip9EEF6area1UjXfqD%252Fnq7OhDWKHed7N9629TmB33gg23sHx%252FUR5%252BRMoTpufqzOurIT9PHa%252FXsgByeNv2aImOBgR%252B4i7t8FBPGgQ0CbnSR08PpzL1g6J%252B7DRpY02e71jl7iwQwTpbzOI5QkD81NFQGXiz1KA6XTSizuFFikT%252F3xx50jVWu5BzIqTglUQT7Meo8GGXzIw9g3kyiyxMDu%252BX0PGvTFqxMveKP3RVvvAXKT%252BzCE%252Bz6p3nFz%252FleY2pzGpMxC%252BTDyz5C2XrZEO0YkJWHdAZhdm%252FAXp2t2M5Uxedj2ncinaS%252FiZACMd79tlNDFqpIh2z4qhRcH0g051CTKGawbDJUdV%252B%252Bm5mUyvPhvzZsfATs%252BlhzUSxjF%252BDXTUfK7rzM1SrxiY9xLDkSWkNzAtQUVgxyCEK1TfSHoFiCiu4CTKDnUTdvXbBmhNHXJSDUWC08R6Dck50E%253D%7Campid%3APL_CLK%7Cclp%3A2334524
"EVGA GeForce RTX 3060 XC GAMING 12GB GDDR6 Graphics Card - New, In-Box!",US $775.00,4.6,https://www.ebay.com/itm/224543054723?epid=2315640392&_trkparms=ispr%3D1&hash=item3447cf1b83:g:tw4AAOSwFoFg-L32&amdata=enc%3AAQAGAAACgPYe5NmHp%252B2JMhMi7yxGiTJkPrKr5t53CooMSQt2orsSvtkx670Z0mbyfWqmxLFLYXFOwfBc2fmnog6863dbDYvmnfHCXYCC%252BF5XtNR2w5VevlxnXtW3fXddTNUi1SooS3dBInrfN9UuuvT5HYUBaQMYxiQq3k45IBjOEPTLqJW75dmgVD8XEPBbs2PHNxkz7Sp%252BxPHnB%252Bx07LATqeX6YJZRNvWxpkr8RzDJHxVzjKAl2CfpjDYQ%252B5XhdDdTFIZAbKpbTLdE%252Fvu1OiHwtnNdMHyF%252F2De%252Bn8uuhJ5RBDGhmvp%252Fnht%252FtOdRews99bCe%252FFqdP1Wf69BAkp1k8FYg7MocSNsuYtPbmX6Dy59dCqyEGtbzUW1bLGirgMtWWN0Phme5ublbpt2Xg89hTiCOhy2aTsMNGqjzt%252BeGX%252BfxI%252FGUrPpOKGlH2AZrjogQjeO1Xk1HKq%252FkXJbNefysUetAx3wsbG4ZttWQpKFwzDPtLwkWNHDIji7WoBX0AJs8jVBhALjfRqBUJMJ4kGby88PsL5or%252BtuFLIEiagtkTtLfSb%252F9%252FjmHFgFYrebj7bqOvLmmgA%252BXfPKzGxG8tLkqxftkvpIzwLGQFo0y3c3ulld1o%252BkCJ8%252FSP1fz4RZ4rQQaiEyTNElFR7CV74BeYv6BDg2aZNkOG0zD1byRFXMUIKGsZ0HicPIhA7ztpbTJv6HNLPevV0ZOjocoJSeY8j%252F0c%252FuKVvsUBvV5kbFzm7fESKGpJBLaIecbHgufETgca%252BG3cf%252FyjRqS8JFdnVb8mLnKPAFNRb2mjcpgXQAeWgqQySsLtUaeWdcA9Dske82cvmRbHppk%252FFORz4qQ0%252F7AehQ3NbjaIGkiks%253D%7Campid%3APL_CLK%7Cclp%3A2334524
MSI GeForce RTX 3060 VENTUS 2X OC GDDR6 Card üî•BRAND NEW ‚úàÔ∏è IN HAND/SHIPS FAST,US $774.97,,https://www.ebay.com/itm/284382612596?hash=item4236864c74:g:-csAAOSwyt9g-wxW
Asus ROG-STRIX-RTX3060-O12G ROG Strix GeForce RTX 3060 OC Gaming 12GB GPU - New,US $759.99,5.0,https://www.ebay.com/itm/393458550236?epid=15044618955&hash=item5b9bf505dc:g:Cv4AAOSwnydg-as8
MSI GeForce RTX 3060 VENTUS 2X OC 12GB GDDR6 Graphics Card,US $825.00,,https://www.ebay.com/itm/393459310917?hash=item5b9c00a145:g:s54AAOSwL3Fg-fSA
MSI RTX 3060 Gaming X 12G GeForce 12GB 15 Gbps GDRR6 Twin-Frozr Torx Fan RGB GPU,US $804.99,,https://www.ebay.com/itm/234101795997?epid=9044848291&hash=item36818dec9d:g:U54AAOSwsE1g-0PL
ZOTAC Gaming GeForce 3060 RTX Twin Edge OC 12GB GDDR6 Graphics Card NEW,US $739.99,,https://www.ebay.com/itm/294230287409?hash=item44817de431:g:6swAAOSwcXRg5pFN
EVGA GeForce RTX 3060 XC GAMING 12GB GDDR6 Graphics Card 12G-P5-3657-KB NON-LHR,,,https://www.ebay.com/itm/154540949734?epid=11045586908&hash=item23fb5bc0e6:g:FDIAAOSwqVlg-f2Q
MSI GeForce RTX 3060 VENTUS 3X OC 12GB GDDR6 Graphics Card,US $800.00,,https://www.ebay.com/itm/324725809205?epid=18045664186&hash=item4b9b2aa035:g:rYoAAOSwDaJg-0a3
SEALED EVGA GeForce RTX 3060 XC GAMING 12GB GDDR6 Graphics Card (12G-P5-3657-KR),US $700.00,4.6,https://www.ebay.com/itm/124821436836?epid=2315640392&hash=item1d0feff9a4:g:L-IAAOSwmcBg91QZ
MSI NVIDIA GeForce RTX 3060 VENTUS 2X OC 12GB GDDR6 Graphics Card,US $780.00,,https://www.ebay.com/itm/313613949235?epid=0&hash=item4904d91933:g:UqEAAOSwSjJg-wBB
ASUS TUF GAMING NVIDIA GeForce RTX 3060 OC 12GB GDDR6 Graphics Card FREE SHIP,,5.0,https://www.ebay.com/itm/363479113747?epid=21044892849&hash=item54a10b2013:g:tYMAAOSwW8Rg85Gd
NVIDIA GeForce RTX 3060 Ti Founders Edition 8GB GDDR6 Graphics Card,US $950.00,3.9,https://www.ebay.com/itm/154542265261?epid=17043327583&hash=item23fb6fd3ad:g:VooAAOSweDpg-2Ux
ASUS GeForce RTX 3060 TUF Gaming OC Edition 12GB Graphics Card - FREE SHIPPING!,US $749.99,,https://www.ebay.com/itm/224545308473?hash=item3447f17f39:g:k1YAAOSwnGpg-z4A
ZOTAC Gaming GeForce RTX 3060 Ti Twin Edge OC LHR 8G Graphics Card + AMP BOX,US $850.00,1.0,https://www.ebay.com/itm/224541749860?epid=16047871909&hash=item3447bb3264:g:IAwAAOSwkttg90aI
Gigabyte GeForce RTX 3060 Vision OC 12G Graphics Card - White - ‚úÖ SHIPS TODAY ‚úÖ,US $788.88,3.0,https://www.ebay.com/itm/224540837964?epid=8043942053&hash=item3447ad484c:g:HlYAAOSwE1Rg9k0X
"EVGA GeForce RTX 3060 XC GAMING, 12G-P5-3657-KR, 12GB GDDR6, Dual-Fan - Open Box",,,https://www.ebay.com/itm/114902691629?epid=11045586908&hash=item1ac0bbef2d:g:lH8AAOSwxeNgvm86
ASUS TUF Gaming NVIDIA GeForce RTX 3060 OC Edition Graphics Card - NEW!,US $779.99,5.0,https://www.ebay.com/itm/255061775722?epid=21044892849&hash=item3b62ddd56a:g:6J4AAOSwXn5g-ItO
HP Omen RTX 3060 Ti TWIN FAN OC 8GB GDDR6 Graphics Card NON LHR,,,https://www.ebay.com/itm/313614346178?hash=item4904df27c2:g:zhwAAOSwcrRg-3gR
MSI NVIDIA Geforce RTX 3060 VENTUS 2X OC Graphics Card,US $699.00,,https://www.ebay.com/itm/164976875403?hash=item266963578b:g:gr8AAOSwYltg-5JY
EVGA GeForce RTX 3060 XC GAMING 12GB GDDR6 Graphics Card(12G-P5-3657-KR)NON LHR,,4.6,https://www.ebay.com/itm/334087837224?epid=2315640392&hash=item4dc92fd628:g:jsUAAOSwoyZg-4D3
NEW! MSI RTX 3060 VENTUS 2X OC Edition 12GB GDDR6 GPU Graphic Card,US $880.00,,https://www.ebay.com/itm/393461092361?_trkparms=ispr%3D1&hash=item5b9c1bd009:g:ODMAAOSw2Zxg-unE&amdata=enc%3AAQAGAAACgPYe5NmHp%252B2JMhMi7yxGiTJkPrKr5t53CooMSQt2orsSU8qUIAeVPdz29zRlje3Lgw%252FES3Y81%252Fqe8VzVQ10%252BJlahCo1HxVIeIQrhIZ44xySxfU8XT1gzGKFc4g0Z9BYsfuKu3%252F1VQEN8p05qjpPo0Zp8iRcMEhX%252FxpELbc1NkD7LhrhBXiMjg%252BiZzdckZqC2PEfs61SGIzOGneyv1e1eSIWiTiTUjvsB0tLDS10G7oW8sRK%252B%252FDqksg7K4ie8uiH5t3Tim6aq1h6f0WNJ5AHpe2%252FpdlWyUciT2soh%252FOK%252BFInvrZ3BgJyqAOl%252BPbBerGeMnkzBffgfhtJJ2XQg3JvlXwUdvHwwxPjo30%252BkZjBG%252FPPmEmWVNY0T6EU0ob4DTeFeeHxe1oZKjm6pWF7MhNMGy5mSxOA%252BCa5zMNJPGE8Y7Q0mndQwvO6k%252BiGnojHbK6EUEluZDbFZHlB6h5P07GIu%252BP14Z5SKe5ZhrZn5uG3%252BrHTpjNnv83UIdox16XFFQX%252BFjqdH3bTPRp%252FoWtbTlwnFPf0aqZIKYkm3HgG8PuLLZSLzn9KFy0rwIy9Qjm%252BkFeBwZSRVyK6XZ%252BObI%252FqLwWGVRGBBv7uF0%252BvIA%252FKUQWyuxdD1Sf3KfIuDqgcDwoHz73767GR5I31gw%252Fmvg%252F4p606KfxTXf8%252BsLQopG%252FtED4zhFmYtVUtmXiqk%252FLMrd0QENId18ROxmEHVxoH%252BkVkEBi5vnTKnUvhi04xj1FQ8opyJ3pVs6nAzp0C3RHipB6ifrM8NOUt8Ys6vPZufAXAr4YAP0mr%252Foo3QdlqZ9zo5hMhzw8pYxgEMzUiLsKewSZ2d6O2AQkj8O6WXFd0SbbNu6HxlsPw%253D%7Campid%3APL_CLK%7Cclp%3A2334524
"**NEW** - ASUS - NVIDIA¬Æ ROG STRIX GeForce RTX‚Ñ¢ 3060 12GB OCüî•SEALED, TRUSTED üî•",US $748.99/ea,5.0,https://www.ebay.com/itm/234096842074?epid=15044618955&_trkparms=ispr%3D1&hash=item368142555a:g:ajAAAOSwcfdg2dOA&amdata=enc%3AAQAGAAACgPYe5NmHp%252B2JMhMi7yxGiTJkPrKr5t53CooMSQt2orsSRAQR8FABHjfpFoyRlXhWmZ%252Fu8pJHevL%252B%252F90TgCmMd5W3gMZl%252FIlTj%252Bn4u9CkMnvSPV%252B5xYd6GTld4YiA3VQ4XF9Fg6PIaQZzaAuh35t9wo23FIwoo1DaxktiiZvy8NSvsIVj7EZ%252Bw5p6BOvi%252FDP4lCh8RmvwHLkK6TyNe%252BZeAcpExiVx8%252FEYLbYotokb8apj39ar9LHJB4sfQiv3laNgK66ziFcXFYYUTXf%252BkvCuL4p%252FzWd3EO19dGCyXlHRhq2Td0rI1zHyUKL5ki2IHwiZQwIy%252BtOaXwg%252Bk2sgDJsL2MCwWYhwyeBLHURk2Nel0ez3wmQT303WcK20ObPenyx9GPgpRxjNhEIiduGkwKMwMF5KBN3KDtFsoAhjWFh027uYJeBVu%252BteepsYSzY5LsxJ0jDh8u6mvoIWhYKzTPFdnKb4iP5c2IGUZVkaQyA95GrlY2%252B2i6LgtEOwv6y0ChKdATFouJUbBF%252BpNl6uUPOm3sy4eC9nhnuQPBHbawDaFlzA8p%252BNv0%252BsPFKxpJqpPaBckH359IicMZwrvXSc6BBv0enOqzkGyL8qqXPOb1LqEitRbYhCwv4ViNtJer9zMvPNRhRoK9ehMDvHClm5G%252FZ87zB8xXLlDeBewz13A8i0JteiQxV9WNNgdCkk1x4jaPuzFabA2hoY8SHU2ftFXnVumSarsGrLu0%252BWrfhLHRyhA7bIOi5hHH%252FXsGE2JYT%252BbUj8xUEpQbmB%252FMuCSU6EpihXeyAHFDMm8gPdLgRMWo0YLpfd9PFNGXAWUnsoU1e%252FYhCBYKBsXjPagSeKq3qvrum5hr4%253D%7Campid%3APL_CLK%7Cclp%3A2334524
